<?xml version="1.0" encoding="UTF-8"?>
<!-- xmlns: default name space 별도의 prefix가 없다면 무조건 beans에 선언된 태그다..-->
<!-- xmlns:context : context에서 선언된 내용을 사용하려면 context: 라고 선언 후 사용한다. -->
<beans xmlns="http://www.springframework.org/schema/beans"
	xmlns:xsi="http://www.w3.org/2001/XMLSchema-instance"
	xsi:schemaLocation="http://www.springframework.org/schema/beans http://www.springframework.org/schema/beans/spring-beans.xsd">
	
	<!-- 스프링에서 관리하려는 객체 선언: 빈들을 어떻게 구성할까?? 조립 설명서 작성 -->
	<bean id="sphone" class="com.ssafy.webex.phone.SPhone"></bean>
	
	<bean id="lphone" class="com.ssafy.webex.phone.LPhone"></bean>
	
<!-- 	<bean id="user" class="com.ssafy.webex.phone.PhoneUser"> -->
<!-- 		<constructor-arg ref="sphone"></constructor-arg> -->
<!-- 	</bean> -->

	<bean id="user" class="com.ssafy.webex.phone.PhoneUser">
		<property name="phone" ref="sphone"></property>
	</bean>

</beans>
