<?xml version="1.0" encoding="UTF-8" ?>
<!DOCTYPE mapper PUBLIC "-//mybatis.org//DTD Mapper 3.0//EN" 
	"http://mybatis.org/dtd/mybatis-3-mapper.dtd">

<mapper namespace="com.ssafy.webex.model.repo.MemberRepository">
	
	<select id="login" parameterType="map" resultType="MemberDto">
		select id, name, addr, phone
		from user
		where id = #{userid} and password = #{userpwd}
	</select>
	
	<insert id="join" parameterType="MemberDto">
		insert into user(id, password, name, addr, phone)
		values (#{id}, #{password}, #{name}, #{addr}, #{phone})
	</insert>
	
	<update id="modifyInfo" parameterType="MemberDto">
		update user
		set password = #{password}, name = #{name}, addr = #{addr}, phone = #{phone}
		where id = #{id}
	</update>
	
	<delete id="delete" parameterType="String">
		delete from user
		where id = #{userid}
	</delete>
</mapper>