<?xml version="1.0" encoding="UTF-8" ?>
<!DOCTYPE mapper PUBLIC "-//mybatis.org//DTD Mapper 3.0//EN" 
	"http://mybatis.org/dtd/mybatis-3-mapper.dtd">

<mapper namespace="com.ssafy.webex.model.repo.NoticeRepository">
	
	<select id="list" parameterType="map" resultType="NoticeDto">
		select no, id, title, content, regtime
		from notice
		order by no desc
		limit #{start}, #{spp}
	</select>
	
	<select id="show" parameterType="int" resultType="NoticeDto">
		select no, id, title, content, regtime
		from notice
		where no = #{no}
	</select>

	<insert id="write" parameterType="NoticeDto">
		insert into notice (id, title, content, regtime)
		values (#{id}, #{title}, #{content}, now())
	</insert>
	
	<update id="modifyInfo" parameterType="NoticeDto">
		update notice
		set title = #{title}, content = #{content}, regtime = now()
		where id = #{id}
	</update>
	
	<delete id="delete" parameterType="String">
		delete from notice
		where id = #{id}
	</delete>
	
	<select id="getTotalCount" parameterType="map" resultType="int">
		select count(no)
		from notice
		<if test="word != null and word != ''">
			<if test="key == 'subject'">
				where subject like concat('%', #{word}, '%')
			</if>
			<if test="key != 'subject'">
				where #{key} = #{word}
			</if>
		</if>
	</select>
</mapper>