<?xml version="1.0" encoding="UTF-8" ?>
<!DOCTYPE configuration PUBLIC "-//mybatis.org//DTD Config 3.0//EN" 
	"http://mybatis.org/dtd/mybatis-3-config.dtd">
	
<configuration>

	<properties resource="dbinfo.properties"/>

	<typeAliases>
		<typeAlias type="com.ssafy.guestbook.model.GuestBookDto" alias="guestbook" />
		<typeAlias type="com.ssafy.guestbook.model.MemberDto" alias="member" />
	</typeAliases>
	
	<environments default="development">
        <environment id="development">
            <transactionManager type="JDBC"/>
            <dataSource type="POOLED">
                <property name="driver" value="${driver}"/>
                <property name="url" value="${url}"/>
                <property name="username" value="${dbid}"/>
                <property name="password" value="${dbpwd}"/>
            </dataSource>
        </environment>
    </environments>
    
    <!--<environments default="development">
        <environment id="development">
            <transactionManager type="JDBC" />
            <dataSource type="JNDI">
                <property value="java:comp/env/jdbc/ssafy" name="data_source"/>
            </dataSource>
        </environment>
    </environments>-->
    
    <mappers>
		<mapper resource="member.xml" />
		<mapper resource="guestbook.xml" />
	</mappers>
</configuration>


















