{
  "name": "slotmachine",
  "title": "SlotMachine",
  "description": "A simple jQuery plugin to make slot machine animation effect",
  "keywords": [
        "slots",
        "gambling",
        "lists",
        "fun",
        "zany",
        "winning",
        "machine"
    ],
  "version": "4.0.1",
  "download": "https://github.com/josex2r/jQuery-SlotMachine",
  "homepage": "https://github.com/josex2r/jQuery-SlotMachine",
  "demo": "http://josex2r.github.io/jQuery-SlotMachine/",
  "docs": "https://github.com/josex2r/jQuery-SlotMachine#readme",
  "author": {
    "name": "Jose Luis Represa",
    "email": "codex2r@gmail.com",
    "url": "https://github.com/josex2r"
  },
  "repository": {
    "type": "git",
    "url": "git://github.com/josex2r/jQuery-SlotMachine.git"
  },
  "bugs": "https://github.com/josex2r/jQuery-SlotMachine/issues",
  "licenses": [
    {
      "type": "MIT",
      "url": "https://github.com/josex2r/jQuery-SlotMachine/blob/master/LICENSE-MIT"
    }
  ],
  "dependencies": {
    "jquery": ">=1.7"
  }
}
