<?xml version="1.0" encoding="UTF-8" ?>
<!DOCTYPE mapper PUBLIC "-//mybatis.org//DTD Mapper 3.0//EN" 
	"http://mybatis.org/dtd/mybatis-3-mapper.dtd">
<!-- namespace는 반드시 interface를 따라야 한다. -->
<mapper namespace="com.example.demo.model.repo.UserRepo">


	<!-- User select(String id); -->
	<select id="select" parameterType="string" resultType="user">
		select *
		from user where id=#{id}
	</select>

	<!-- List<User> selectAll(); -->
	<select id="selectAll" resultType="user">
		select * from user order by id
	</select>

	<!-- int insert(User user); -->
	<insert id="insert" parameterType="user">
		insert into user
		values(#{id}, #{name}, #{pass})
	</insert>
	
	<!-- int update(User user) -->
	<update id="update" parameterType="user">
		update user set
		name=#{name}, pass=#{pass} where id=#{id}
	</update>

	<!-- int delete(String id); -->
	<delete id="delete" parameterType="string">
		delete from user where id=#{id}
	</delete>

</mapper>